entity_name,mentioned_in_notes
own the data architecture,19ed6cfe-c999-8063-8ddc-ed38ef8160b0
Cursor,19ed6cfe-c999-8063-8ddc-ed38ef8160b0
Cory Malkin,19ed6cfe-c999-8063-8ddc-ed38ef8160b0
work email for the interview,439d2805-873d-4b4f-b6f7-8be1b5959157
traditional engineering roles,198d6cfe-c999-80f3-a31f-c9480663e8a7
Morgan,197d6cfe-c999-80cd-86c8-ee881ec97394
a team,196d6cfe-c999-805b-9360-d32e4499c205
Kaine Black,196d6cfe-c999-805b-9360-d32e4499c205
importance for next role,196d6cfe-c999-808b-859c-da965365f5ae
data space,196d6cfe-c999-808b-859c-da965365f5ae
Orion Health,198d6cfe-c999-80f3-a31f-c9480663e8a7
Data Software Developer,196d6cfe-c999-808b-859c-da965365f5ae
discuss in retrospective,193d6cfe-c999-81c1-9227-d6711feab977
field for bucket list wrapped,193d6cfe-c999-81c1-9227-d6711feab977
Emacs,193d6cfe-c999-81c1-9227-d6711feab977
pyterm,193d6cfe-c999-81c1-9227-d6711feab977
VS Code,193d6cfe-c999-81c1-9227-d6711feab977
field from recognized user table,193d6cfe-c999-81c1-9227-d6711feab977
log in and settings changes,193d6cfe-c999-81c1-9227-d6711feab977
bugs,193d6cfe-c999-81c1-9227-d6711feab977
Limit Reached Email translation,193d6cfe-c999-81c1-9227-d6711feab977
at home,193d6cfe-c999-81c1-9227-d6711feab977
Jamie Salmon,193d6cfe-c999-81c1-9227-d6711feab977
call,14fd6cfe-c999-81cc-8e5a-e0bca32f7100
untangling webhook stories,193d6cfe-c999-8161-bec0-f6cfadd71679
another beekeeper story to Monique Richard for code review,193d6cfe-c999-8161-bec0-f6cfadd71679
beekeeper stories to Jody Chambers for review,193d6cfe-c999-8161-bec0-f6cfadd71679
beekeeper stories,193d6cfe-c999-8161-bec0-f6cfadd71679
Nazma Panjwani for update on version info,193d6cfe-c999-8161-bec0-f6cfadd71679
disabled authentication option for first time MFA setup to Monique Richard,193d6cfe-c999-8161-bec0-f6cfadd71679
online instance for testing,193d6cfe-c999-81aa-91b8-e760f9d2abaf
Alaadin Addas,193d6cfe-c999-81aa-91b8-e760f9d2abaf
Tiffany,193d6cfe-c999-81aa-91b8-e760f9d2abaf
Sftp upgrade,193d6cfe-c999-81aa-91b8-e760f9d2abaf
backlog,193d6cfe-c999-81aa-91b8-e760f9d2abaf
epso,193d6cfe-c999-81aa-91b8-e760f9d2abaf
Liam Maloney,193d6cfe-c999-81aa-91b8-e760f9d2abaf
weirdness about screenshot,193d6cfe-c999-812e-8034-db12285f85ff
support ticket,193d6cfe-c999-81c1-9227-d6711feab977
transcription capabilities,193d6cfe-c999-812e-8034-db12285f85ff
pg_stat_statements,192d6cfe-c999-8005-ae54-d4e0fa3caa8f
ALTER USER,192d6cfe-c999-8005-ae54-d4e0fa3caa8f
nagios,192d6cfe-c999-8005-ae54-d4e0fa3caa8f
bladmin,192d6cfe-c999-8005-ae54-d4e0fa3caa8f
DO $$,192d6cfe-c999-8005-ae54-d4e0fa3caa8f
blcorp_temp,192d6cfe-c999-8005-ae54-d4e0fa3caa8f
Audit logs on production servers,f621dc76-1550-4051-94e0-a1ab0714cb0d
someone instead of Bart,f621dc76-1550-4051-94e0-a1ab0714cb0d
answers,f621dc76-1550-4051-94e0-a1ab0714cb0d
We,f621dc76-1550-4051-94e0-a1ab0714cb0d
new Teams app,f621dc76-1550-4051-94e0-a1ab0714cb0d
still failing,18dd6cfe-c999-805c-8700-d5349f3f41b6
10 years,18ad6cfe-c999-806f-b84e-e35a286a6408
support,18ad6cfe-c999-806f-b84e-e35a286a6408
versions of dependencies to earlier versions,18ad6cfe-c999-806f-b84e-e35a286a6408
Docker Hub containers,18ad6cfe-c999-806f-b84e-e35a286a6408
Nazma Panjwani,193d6cfe-c999-8161-bec0-f6cfadd71679
through re-seller,18ad6cfe-c999-806f-b84e-e35a286a6408
directly,18ad6cfe-c999-806f-b84e-e35a286a6408
through AWS,18ad6cfe-c999-806f-b84e-e35a286a6408
transaction,18ad6cfe-c999-806f-b84e-e35a286a6408
licenses,18ad6cfe-c999-806f-b84e-e35a286a6408
$8850 USD for 30 VMs,18ad6cfe-c999-806f-b84e-e35a286a6408
$295/VM/year,18ad6cfe-c999-806f-b84e-e35a286a6408
migration already merged with release branch,193d6cfe-c999-8161-bec0-f6cfadd71679
pricing,18ad6cfe-c999-806f-b84e-e35a286a6408
ESM versions of images,18ad6cfe-c999-806f-b84e-e35a286a6408
Ubuntu images,18ad6cfe-c999-806f-b84e-e35a286a6408
Cloudwatch,d01917e0-ff74-4c10-909f-7eb74dde0234
Liam about career development meeting,d01917e0-ff74-4c10-909f-7eb74dde0234
career path document,d01917e0-ff74-4c10-909f-7eb74dde0234
msTeamsUserId=big-ol-fake-user-id-789&msTeamsKey=undefined,177d6cfe-c999-8061-a0d5-cb7a4b21f4c7
Most testing,177d6cfe-c999-8061-a0d5-cb7a4b21f4c7
7 or 8 years of experience in data analytics,196d6cfe-c999-805b-9360-d32e4499c205
iframe,177d6cfe-c999-8061-a0d5-cb7a4b21f4c7
Client screen,177d6cfe-c999-8061-a0d5-cb7a4b21f4c7
Admin page,177d6cfe-c999-8061-a0d5-cb7a4b21f4c7
first time visiting the site,177d6cfe-c999-8061-a0d5-cb7a4b21f4c7
quality,439d2805-873d-4b4f-b6f7-8be1b5959157
Admin URL,177d6cfe-c999-8061-a0d5-cb7a4b21f4c7
at the university in the lab after graduation,196d6cfe-c999-805b-9360-d32e4499c205
to be determined,53fd4265-7fd4-4888-9070-4e29e2df6af4
mailhog,53fd4265-7fd4-4888-9070-4e29e2df6af4
on QA,53fd4265-7fd4-4888-9070-4e29e2df6af4
emails,53fd4265-7fd4-4888-9070-4e29e2df6af4
for ADP,53fd4265-7fd4-4888-9070-4e29e2df6af4
customers in Canada,53fd4265-7fd4-4888-9070-4e29e2df6af4
ADP section,53fd4265-7fd4-4888-9070-4e29e2df6af4
to the calendar,53fd4265-7fd4-4888-9070-4e29e2df6af4
and creation of runbooks,53fd4265-7fd4-4888-9070-4e29e2df6af4
alerts,53fd4265-7fd4-4888-9070-4e29e2df6af4
build artifact,53fd4265-7fd4-4888-9070-4e29e2df6af4
to deploy to dev,53fd4265-7fd4-4888-9070-4e29e2df6af4
Jenkins job,53fd4265-7fd4-4888-9070-4e29e2df6af4
about celery log files,53fd4265-7fd4-4888-9070-4e29e2df6af4
PR,53fd4265-7fd4-4888-9070-4e29e2df6af4
pipeline utility plugin,53fd4265-7fd4-4888-9070-4e29e2df6af4
jenkins,53fd4265-7fd4-4888-9070-4e29e2df6af4
community.postgresql,53fd4265-7fd4-4888-9070-4e29e2df6af4
community.general,53fd4265-7fd4-4888-9070-4e29e2df6af4
migration to fail,53fd4265-7fd4-4888-9070-4e29e2df6af4
during deployment,53fd4265-7fd4-4888-9070-4e29e2df6af4
pgdump,53fd4265-7fd4-4888-9070-4e29e2df6af4
release notes,53fd4265-7fd4-4888-9070-4e29e2df6af4
Marc and Paul,f621dc76-1550-4051-94e0-a1ab0714cb0d
for the task,53fd4265-7fd4-4888-9070-4e29e2df6af4
Justin Bisal,198d6cfe-c999-80f3-a31f-c9480663e8a7
scrubbing spike,193d6cfe-c999-81aa-91b8-e760f9d2abaf
unscrubbed database,193d6cfe-c999-81aa-91b8-e760f9d2abaf
L3 hours,53fd4265-7fd4-4888-9070-4e29e2df6af4
Image,53fd4265-7fd4-4888-9070-4e29e2df6af4
deployed to demo,53fd4265-7fd4-4888-9070-4e29e2df6af4
participants,14fd6cfe-c999-81cc-8e5a-e0bca32f7100
ALTER ROLE,192d6cfe-c999-8005-ae54-d4e0fa3caa8f
Flower servers,11dd6cfe-c999-8053-9157-f7015f9926ec
NGINX Exporter,11dd6cfe-c999-8053-9157-f7015f9926ec
celery-worker.log,53fd4265-7fd4-4888-9070-4e29e2df6af4
CA Prod,11dd6cfe-c999-8053-9157-f7015f9926ec
QA,11dd6cfe-c999-8053-9157-f7015f9926ec
Certs,63dbc43b-4a7c-4b64-a4bb-8d9561e18808
Update Cloudflare IP in .env,63dbc43b-4a7c-4b64-a4bb-8d9561e18808
TODO list,63dbc43b-4a7c-4b64-a4bb-8d9561e18808
blcorp-user-hub-k8s-job-spawner:test-1,d1cd13ce-b37a-40cf-99b8-86710e0c3db1
blcorp-user-hub-api:test-1,d1cd13ce-b37a-40cf-99b8-86710e0c3db1
virtualenv,d1cd13ce-b37a-40cf-99b8-86710e0c3db1
python@3.10,d1cd13ce-b37a-40cf-99b8-86710e0c3db1
temp user upload,d1cd13ce-b37a-40cf-99b8-86710e0c3db1
public read,d1cd13ce-b37a-40cf-99b8-86710e0c3db1
docker,d1cd13ce-b37a-40cf-99b8-86710e0c3db1
ecr get-login-password,d1cd13ce-b37a-40cf-99b8-86710e0c3db1
status of MS Teams bug fix,193d6cfe-c999-8161-bec0-f6cfadd71679
bitbucket,d1cd13ce-b37a-40cf-99b8-86710e0c3db1
Apache spark on EKS,197d6cfe-c999-80cd-86c8-ee881ec97394
running config,66a411e7-cb1d-4096-b526-d57052682774
vars,66a411e7-cb1d-4096-b526-d57052682774
login screen,177d6cfe-c999-8061-a0d5-cb7a4b21f4c7
docker-compose up -d,66a411e7-cb1d-4096-b526-d57052682774
loki,66a411e7-cb1d-4096-b526-d57052682774
100,66a411e7-cb1d-4096-b526-d57052682774
docker-compose.yml,66a411e7-cb1d-4096-b526-d57052682774
pods,66a411e7-cb1d-4096-b526-d57052682774
namei,fcddc9d3-0021-4dca-9c76-cf7655e71834
via systemctl,53fd4265-7fd4-4888-9070-4e29e2df6af4
ncdu,fcddc9d3-0021-4dca-9c76-cf7655e71834
mssh,fcddc9d3-0021-4dca-9c76-cf7655e71834
promtail.service logs,fcddc9d3-0021-4dca-9c76-cf7655e71834
celery logs,fcddc9d3-0021-4dca-9c76-cf7655e71834
user changes,cd0f5af3-3709-4905-a97d-08b1220082fb
user.save(),cd0f5af3-3709-4905-a97d-08b1220082fb
create superuser,cd0f5af3-3709-4905-a97d-08b1220082fb
source ~/virtualenvs/blcorp/bin/activate,cd0f5af3-3709-4905-a97d-08b1220082fb
Create new user,cd0f5af3-3709-4905-a97d-08b1220082fb
Mailhog,95e98a65-0074-4f97-8721-6849916e0fd8
/mnt/blcorp_live_webserver_nyc3_volume/saml2-certificates/vectorized/vectorized-saml2-key.pem,95e98a65-0074-4f97-8721-6849916e0fd8
keys,53fd4265-7fd4-4888-9070-4e29e2df6af4
saml certificates,95e98a65-0074-4f97-8721-6849916e0fd8
datetime,150d6cfe-c999-80d4-ae1e-d1bf1248702c
virtualenvs/blcorp,150d6cfe-c999-80d4-ae1e-d1bf1248702c
blcorp-user-hub-merge-sync:test-1,d1cd13ce-b37a-40cf-99b8-86710e0c3db1
bucketlist,150d6cfe-c999-80d4-ae1e-d1bf1248702c
arn:aws:iam::339713030677:role/BucketlistEcsAPI,146d6cfe-c999-808e-9e3e-d39baf611e33
arn:aws:iam::339713030677:role/BucketlistEcsTaskRole,146d6cfe-c999-808e-9e3e-d39baf611e33
ecs:UpdateService,146d6cfe-c999-808e-9e3e-d39baf611e33
*,146d6cfe-c999-808e-9e3e-d39baf611e33
arn:aws:iam::140782355245:role/BucketlistEcsTaskAccessRole,146d6cfe-c999-808e-9e3e-d39baf611e33
python3 manage.py shell,150d6cfe-c999-80d4-ae1e-d1bf1248702c
arn:aws:iam::140782355245:role/BucketlistEcsTaskRole,146d6cfe-c999-808e-9e3e-d39baf611e33
ecs:TagResource,146d6cfe-c999-808e-9e3e-d39baf611e33
to become an RFC,53fd4265-7fd4-4888-9070-4e29e2df6af4
arn:aws:ecs:us-east-1:140782355245:task-definition/ms-teams-qa-task-definition:,146d6cfe-c999-808e-9e3e-d39baf611e33
community.digitalocean,53fd4265-7fd4-4888-9070-4e29e2df6af4
generic secret,6a5fc976-8f27-414e-a50d-737c5d10e7bd
flux resume hr,6a5fc976-8f27-414e-a50d-737c5d10e7bd
arn:aws:ecs:us-east-1:339713030677:task-definition/user-hub-qa-api-task-definition:,146d6cfe-c999-808e-9e3e-d39baf611e33
helm release,6a5fc976-8f27-414e-a50d-737c5d10e7bd
flux bootstrap git,6a5fc976-8f27-414e-a50d-737c5d10e7bd
current webhook implementation and future changes,193d6cfe-c999-8161-bec0-f6cfadd71679
distribute_points_to_give.apply with integer and list arguments,150d6cfe-c999-80d4-ae1e-d1bf1248702c
terraform import,6a5fc976-8f27-414e-a50d-737c5d10e7bd
<container_name>,66a411e7-cb1d-4096-b526-d57052682774
kubeconfig,6a5fc976-8f27-414e-a50d-737c5d10e7bd
aws eks update-kubeconfig,6a5fc976-8f27-414e-a50d-737c5d10e7bd
old route table,5d5f519d-655a-4f17-a3b1-51c80e19bf0e
new route table,5d5f519d-655a-4f17-a3b1-51c80e19bf0e
information on managing account access,5d5f519d-655a-4f17-a3b1-51c80e19bf0e
https://docs.aws.amazon.com/organizations/latest/userguide/orgs_manage_accounts_access.html,5d5f519d-655a-4f17-a3b1-51c80e19bf0e
network-prod,5d5f519d-655a-4f17-a3b1-51c80e19bf0e
export AWS_PROFILE=management,5d5f519d-655a-4f17-a3b1-51c80e19bf0e
each Celery server,53fd4265-7fd4-4888-9070-4e29e2df6af4
AWS NLB load balancer,cd0f5af3-3709-4905-a97d-08b1220082fb
available AWS profiles,5d5f519d-655a-4f17-a3b1-51c80e19bf0e
aws configure list-profiles,5d5f519d-655a-4f17-a3b1-51c80e19bf0e
Monique,193d6cfe-c999-81c1-9227-d6711feab977
guidelines for naming member accounts,5d5f519d-655a-4f17-a3b1-51c80e19bf0e
"migrating legacy data pipelines to modern, cloud architecture",196d6cfe-c999-805b-9360-d32e4499c205
https://docs.aws.amazon.com/organizations/latest/userguide/best-practices_member-acct.html,5d5f519d-655a-4f17-a3b1-51c80e19bf0e
CSV script to Monique Richard for review,193d6cfe-c999-8161-bec0-f6cfadd71679
WorkloadsFooBDev,5d5f519d-655a-4f17-a3b1-51c80e19bf0e
permission issues,fcddc9d3-0021-4dca-9c76-cf7655e71834
Workloads+fooB+dev@domain.com,5d5f519d-655a-4f17-a3b1-51c80e19bf0e
Old Account,5d5f519d-655a-4f17-a3b1-51c80e19bf0e
to S3,53fd4265-7fd4-4888-9070-4e29e2df6af4
bamba@bucketlistrewards.com,5d5f519d-655a-4f17-a3b1-51c80e19bf0e
management,5d5f519d-655a-4f17-a3b1-51c80e19bf0e
admin2@bucketlistrewards.com,5d5f519d-655a-4f17-a3b1-51c80e19bf0e
adding more tickets for webhook epic,193d6cfe-c999-8161-bec0-f6cfadd71679
access_token from previous step,129d6cfe-c999-808f-919d-de6a8d8ab446
engagement report,193d6cfe-c999-81aa-91b8-e760f9d2abaf
Bearer TOKEN,129d6cfe-c999-808f-919d-de6a8d8ab446
MicrosoftAppId,129d6cfe-c999-808f-919d-de6a8d8ab446
very well spoken,196d6cfe-c999-805b-9360-d32e4499c205
remediation required for SOC2,f621dc76-1550-4051-94e0-a1ab0714cb0d
argo-cd-initial-admin-secret,137d6cfe-c999-8063-b03c-ed5b3a396913
argo-cd,137d6cfe-c999-8063-b03c-ed5b3a396913
./argo-cd/chart,137d6cfe-c999-8063-b03c-ed5b3a396913
locally,177d6cfe-c999-8061-a0d5-cb7a4b21f4c7
helm,137d6cfe-c999-8063-b03c-ed5b3a396913
number of active tasks,135d6cfe-c999-809e-9cc4-f468e6fa6b99
Demo,10cd6cfe-c999-8017-b693-f30325c0e4f0
AWS load balancer controller,18dd6cfe-c999-805c-8700-d5349f3f41b6
October 2/3,10cd6cfe-c999-8017-b693-f30325c0e4f0
CHS Migration,10cd6cfe-c999-8017-b693-f30325c0e4f0
webhook stories and their dependencies,193d6cfe-c999-8161-bec0-f6cfadd71679
task,53fd4265-7fd4-4888-9070-4e29e2df6af4
October 19,10cd6cfe-c999-8017-b693-f30325c0e4f0
US AWS Migration,10cd6cfe-c999-8017-b693-f30325c0e4f0
group ID,177d6cfe-c999-8061-a0d5-cb7a4b21f4c7
policy,d1cd13ce-b37a-40cf-99b8-86710e0c3db1
CHS Migration on DO,10cd6cfe-c999-8017-b693-f30325c0e4f0
window between September 28 and October 6,10cd6cfe-c999-8017-b693-f30325c0e4f0
CA or Demo AWS Migration,10cd6cfe-c999-8017-b693-f30325c0e4f0
tentative schedule,10cd6cfe-c999-8017-b693-f30325c0e4f0
ech issue,193d6cfe-c999-812e-8034-db12285f85ff
Paul,10cd6cfe-c999-8017-b693-f30325c0e4f0
$selected_host,b5f750a1-81b9-4d18-8f0d-1320435f1d22
host,b5f750a1-81b9-4d18-8f0d-1320435f1d22
job,b5f750a1-81b9-4d18-8f0d-1320435f1d22
collectstatic is not working,95e98a65-0074-4f97-8721-6849916e0fd8
5 seconds,b5f750a1-81b9-4d18-8f0d-1320435f1d22
method,b5f750a1-81b9-4d18-8f0d-1320435f1d22
request_time,b5f750a1-81b9-4d18-8f0d-1320435f1d22
average request time,b5f750a1-81b9-4d18-8f0d-1320435f1d22
Tango transfers bug,193d6cfe-c999-81c1-9227-d6711feab977
nginx : Copy nginx.conf,e58487e1-03d2-4a05-b861-f901d7431405
ansible-playbook nginx/tests/test.yml -i ../inventories/demo/remote.ini -e ansible_user=tim --limit=webserver:mailhog:flower:bot,e58487e1-03d2-4a05-b861-f901d7431405
Jazib Khan,197d6cfe-c999-80cd-86c8-ee881ec97394
http://localhost:3978/api/messages,e58487e1-03d2-4a05-b861-f901d7431405
server restart,e58487e1-03d2-4a05-b861-f901d7431405
keeping out the migration,193d6cfe-c999-8161-bec0-f6cfadd71679
"ansible-playbook ../playbooks/bl-app/2.pre-reqs.yml -i ../inventories/demo/remote.ini -e ansible_user=tim -e build_artifact=/tmp/js-bot-30.tar.gz --start-at-task=""Create js_bot log directory""",e58487e1-03d2-4a05-b861-f901d7431405
old-school manual,612a4a74-92c2-4091-8ee4-a8470bba1a9a
demo,137d6cfe-c999-8063-b03c-ed5b3a396913
issues,612a4a74-92c2-4091-8ee4-a8470bba1a9a
somehow,612a4a74-92c2-4091-8ee4-a8470bba1a9a
rdsadmin,192d6cfe-c999-8005-ae54-d4e0fa3caa8f
problem,612a4a74-92c2-4091-8ee4-a8470bba1a9a
for tasks,c0e35d3d-a028-4447-b693-62aeda8d273b
health check failure,cd0f5af3-3709-4905-a97d-08b1220082fb
GrantAccessToOrganizationAccountAccessRole,5d5f519d-655a-4f17-a3b1-51c80e19bf0e
occurred,c0e35d3d-a028-4447-b693-62aeda8d273b
https://manage.statuspage.io/,53fd4265-7fd4-4888-9070-4e29e2df6af4
built artifact,c0e35d3d-a028-4447-b693-62aeda8d273b
connection string,53fd4265-7fd4-4888-9070-4e29e2df6af4
S3 bucket,c0e35d3d-a028-4447-b693-62aeda8d273b
Review,c0e35d3d-a028-4447-b693-62aeda8d273b
Wait for,c0e35d3d-a028-4447-b693-62aeda8d273b
k6,137d6cfe-c999-8063-b03c-ed5b3a396913
Monique access,c0e35d3d-a028-4447-b693-62aeda8d273b
SDLC,c0e35d3d-a028-4447-b693-62aeda8d273b
result,150d6cfe-c999-80d4-ae1e-d1bf1248702c
distribute_points_to_give.apply with datetime argument,150d6cfe-c999-80d4-ae1e-d1bf1248702c
Begin,c0e35d3d-a028-4447-b693-62aeda8d273b
October 19 or October 26,10cd6cfe-c999-8017-b693-f30325c0e4f0
Need to create a PR,c0e35d3d-a028-4447-b693-62aeda8d273b
Bitbucket pipeline,c0e35d3d-a028-4447-b693-62aeda8d273b
through the pipeline,c0e35d3d-a028-4447-b693-62aeda8d273b
Database upgrade,c0e35d3d-a028-4447-b693-62aeda8d273b
a manager,196d6cfe-c999-805b-9360-d32e4499c205
open DevOps position,c0e35d3d-a028-4447-b693-62aeda8d273b
Adding,c0e35d3d-a028-4447-b693-62aeda8d273b
job description matches well with current work,197d6cfe-c999-80cd-86c8-ee881ec97394
Remaining,c0e35d3d-a028-4447-b693-62aeda8d273b
login,d1cd13ce-b37a-40cf-99b8-86710e0c3db1
3.2,a315c410-9fea-485f-a92c-0d3f88c7df9d
Network Security Policy,a315c410-9fea-485f-a92c-0d3f88c7df9d
flushall,53fd4265-7fd4-4888-9070-4e29e2df6af4
Restarting Celery,d575805b-cfda-4a7a-a78d-4e67402c99d0
John,6abb1da3-cf85-4c9a-aff9-ccbdbb785c6f
irfan,6abb1da3-cf85-4c9a-aff9-ccbdbb785c6f
Environment,c0e35d3d-a028-4447-b693-62aeda8d273b
qa,e502d27e-0998-4c6d-a9d8-534f0ed66330
https://bucketlist.atlassian.net/wiki/spaces/BTD/pages/428769292/Live+Cloud+Architecture+Details+Server+Creation+and+Conf,a42d8247-22ce-4574-a294-2975ebab4dc3
-d,b29f4496-0ee9-4f73-8e5f-114e1b482355
MFA,6abb1da3-cf85-4c9a-aff9-ccbdbb785c6f
paul,6abb1da3-cf85-4c9a-aff9-ccbdbb785c6f
1 year term minimum,18ad6cfe-c999-806f-b84e-e35a286a6408
situation of not completing all tests before release date,d3e7ea06-8eb4-4c3e-ad7c-332ee4e57159
rodrigo,6abb1da3-cf85-4c9a-aff9-ccbdbb785c6f
discussing in retrospective,193d6cfe-c999-81c1-9227-d6711feab977
all,701bc97a-96d6-471e-ac7d-222bddea71f3
new public S3 bucket,6abb1da3-cf85-4c9a-aff9-ccbdbb785c6f
blcorp-media,6abb1da3-cf85-4c9a-aff9-ccbdbb785c6f
assignment for DevOps candidates,c0e35d3d-a028-4447-b693-62aeda8d273b
the owner with psql,e88dd2d4-c36f-4889-bd06-d57e575f4fcd
old public S3 bucket,6abb1da3-cf85-4c9a-aff9-ccbdbb785c6f
each account,5d5f519d-655a-4f17-a3b1-51c80e19bf0e
jammy-main,7a85f4f5-8dee-416b-820b-617be622c784
AWS_PROFILE,6a5fc976-8f27-414e-a50d-737c5d10e7bd
base64,e6e84e83-1a23-445d-82c6-c4a173d27ba3
CSS selectors,d3e7ea06-8eb4-4c3e-ad7c-332ee4e57159
cert-manager,e6e84e83-1a23-445d-82c6-c4a173d27ba3
jammy-updates mirror,7a85f4f5-8dee-416b-820b-617be622c784
sandbox,0501980b-3731-4e63-bd16-8e24046be92b
code review feedback,193d6cfe-c999-8161-bec0-f6cfadd71679
to the application,177d6cfe-c999-8061-a0d5-cb7a4b21f4c7
password hash,e6e84e83-1a23-445d-82c6-c4a173d27ba3
ecs:ListTasks,146d6cfe-c999-808e-9e3e-d39baf611e33
gitops,e6e84e83-1a23-445d-82c6-c4a173d27ba3
/usr/bin/supervisord,a42d8247-22ce-4574-a294-2975ebab4dc3
ipp.txt,0aa18733-83d1-42a7-8dca-b78d1825e973
Git repository,e6e84e83-1a23-445d-82c6-c4a173d27ba3
basic auth,e6e84e83-1a23-445d-82c6-c4a173d27ba3
"243,738 tasks",5a545d90-178b-4929-a547-490f5d53f309
default_permissions,ceac9bd9-8b48-40ec-8aa2-a327f65264b0
Flux,e6e84e83-1a23-445d-82c6-c4a173d27ba3
log configuration for Redis in Terraform,d01917e0-ff74-4c10-909f-7eb74dde0234
nrpe configuration file,21d9edd4-dce0-4ff2-a54f-54e2792eae02
pm2 status shows nothing running,e58487e1-03d2-4a05-b861-f901d7431405
kube-capacity,e6e84e83-1a23-445d-82c6-c4a173d27ba3
kubens,e6e84e83-1a23-445d-82c6-c4a173d27ba3
flexible,20a2b8f8-f4b9-4c53-98f4-0066203fa141
Joe,9dfd958b-634f-41a6-97c2-274e90f88163
postgres,"53fd4265-7fd4-4888-9070-4e29e2df6af4,0180bb76-9873-42ce-88d9-d6a24eea31cf,192d6cfe-c999-8005-ae54-d4e0fa3caa8f"
ansible.posix,53fd4265-7fd4-4888-9070-4e29e2df6af4
~/.kube/config,e6e84e83-1a23-445d-82c6-c4a173d27ba3
K3S,e6e84e83-1a23-445d-82c6-c4a173d27ba3
disk space usage,fcddc9d3-0021-4dca-9c76-cf7655e71834
which tests to automate,d3e7ea06-8eb4-4c3e-ad7c-332ee4e57159
installation script,e6e84e83-1a23-445d-82c6-c4a173d27ba3
IngressRoute error,e6e84e83-1a23-445d-82c6-c4a173d27ba3
curl,e6e84e83-1a23-445d-82c6-c4a173d27ba3
ADP,"864d73ef-62d6-439e-a728-b79d5181cbd9,53fd4265-7fd4-4888-9070-4e29e2df6af4"
webroot method,1e389635-ab16-4b5b-990d-4103553d4875
ansible-galaxy,53fd4265-7fd4-4888-9070-4e29e2df6af4
changing api version,e6e84e83-1a23-445d-82c6-c4a173d27ba3
gpg,7a85f4f5-8dee-416b-820b-617be622c784
/mnt/shared,ceac9bd9-8b48-40ec-8aa2-a327f65264b0
rules,d0574bd6-ff75-4c21-b952-1b43d36a55e0
classification=cloudtrail,9ed22669-60b9-4a99-acb0-0ce371c56d0f
method to generate a critical alert,56fc9399-a462-492c-8d7b-19453c95b7a5
s3://blcorp-management-cloudtrail/cloudtrail/AWSLogs/o-cdmv6ntjhq/,9ed22669-60b9-4a99-acb0-0ce371c56d0f
dale,6abb1da3-cf85-4c9a-aff9-ccbdbb785c6f
serviceEventDetails,9ed22669-60b9-4a99-acb0-0ce371c56d0f
OpsGenie,02031d3f-7329-4a36-a0ea-f1320afa2bd8
local_settings.py,"0180bb76-9873-42ce-88d9-d6a24eea31cf,95e98a65-0074-4f97-8721-6849916e0fd8"
recipientAccountId,9ed22669-60b9-4a99-acb0-0ce371c56d0f
we,"6bb2e952-5dc1-4906-9d41-a6d824fa9117,0501980b-3731-4e63-bd16-8e24046be92b,d01917e0-ff74-4c10-909f-7eb74dde0234"
for logs,53fd4265-7fd4-4888-9070-4e29e2df6af4
readOnly,9ed22669-60b9-4a99-acb0-0ce371c56d0f
cloud agnostic,197d6cfe-c999-80cd-86c8-ee881ec97394
apiVersion,9ed22669-60b9-4a99-acb0-0ce371c56d0f
pg_restore,"0180bb76-9873-42ce-88d9-d6a24eea31cf,192d6cfe-c999-8005-ae54-d4e0fa3caa8f"
requestId,9ed22669-60b9-4a99-acb0-0ce371c56d0f
Automated tests,c0e35d3d-a028-4447-b693-62aeda8d273b
Bitbucket agent,b29f4496-0ee9-4f73-8e5f-114e1b482355
legacy queries,751e2a3b-6028-4ea7-a9cf-12d94d587976
responseElements,9ed22669-60b9-4a99-acb0-0ce371c56d0f
errorCode,9ed22669-60b9-4a99-acb0-0ce371c56d0f
eventName,9ed22669-60b9-4a99-acb0-0ce371c56d0f
extensions,5a43af50-342e-42f5-981b-c9581733a874
eventTime,9ed22669-60b9-4a99-acb0-0ce371c56d0f
new exporters,d0574bd6-ff75-4c21-b952-1b43d36a55e0
AWS_PROFILE to management,5d5f519d-655a-4f17-a3b1-51c80e19bf0e
eventId,9ed22669-60b9-4a99-acb0-0ce371c56d0f
Solution,b6b79846-174b-4841-a955-84d92bc8b394
end of April,19ed6cfe-c999-8063-8ddc-ed38ef8160b0
Table,e88dd2d4-c36f-4889-bd06-d57e575f4fcd
userAgent,9ed22669-60b9-4a99-acb0-0ce371c56d0f
CREATE EXTERNAL TABLE,9ed22669-60b9-4a99-acb0-0ce371c56d0f
Brian,6abb1da3-cf85-4c9a-aff9-ccbdbb785c6f
resetting password,cd0f5af3-3709-4905-a97d-08b1220082fb
main route table,5d5f519d-655a-4f17-a3b1-51c80e19bf0e
sharedEventID,9ed22669-60b9-4a99-acb0-0ce371c56d0f
docker compose command,1e389635-ab16-4b5b-990d-4103553d4875
./manage.py shell,"abf1d01d-1d94-4db5-9106-01ad549c169a,cd0f5af3-3709-4905-a97d-08b1220082fb"
keyring,7a85f4f5-8dee-416b-820b-617be622c784
Fortigate,0332166e-11fa-4677-8531-9dabee5d3495
sftp2 in Django admin to use sftpmaster user,abf1d01d-1d94-4db5-9106-01ad549c169a
MS Teams bug fix is dependent on another ticket,193d6cfe-c999-8161-bec0-f6cfadd71679
table owner,e88dd2d4-c36f-4889-bd06-d57e575f4fcd
transform_symlinks,ceac9bd9-8b48-40ec-8aa2-a327f65264b0
failure status,21d9edd4-dce0-4ff2-a54f-54e2792eae02
nagios-nrpe-server.service,21d9edd4-dce0-4ff2-a54f-54e2792eae02
python3,d1cd13ce-b37a-40cf-99b8-86710e0c3db1
dev,"e502d27e-0998-4c6d-a9d8-534f0ed66330,95e98a65-0074-4f97-8721-6849916e0fd8"
port 943,0aa18733-83d1-42a7-8dca-b78d1825e973
New Account,5d5f519d-655a-4f17-a3b1-51c80e19bf0e
tlsDetails,9ed22669-60b9-4a99-acb0-0ce371c56d0f
~/.ssh/id_openvpn,37bc11c4-d4c2-4de6-a73c-f9ac6174571d
Nagios Remote Plugin Executor,21d9edd4-dce0-4ff2-a54f-54e2792eae02
port 5666 on 10.132.237.154,21d9edd4-dce0-4ff2-a54f-54e2792eae02
containers,66a411e7-cb1d-4096-b526-d57052682774
systemd,21d9edd4-dce0-4ff2-a54f-54e2792eae02
default identities,37bc11c4-d4c2-4de6-a73c-f9ac6174571d
10.118.0.15,72cc671d-1a91-4d5d-a846-cfeb968e143e
iam:PassRole,146d6cfe-c999-808e-9e3e-d39baf611e33
/var/www/certbot/,1e389635-ab16-4b5b-990d-4103553d4875
Ivan,"f302ea9c-5774-4014-a682-be31f06c6f1f,5ebf4601-76b1-4903-9c61-023e5bb85da1"
Engagement level setting,02031d3f-7329-4a36-a0ea-f1320afa2bd8
less,864d73ef-62d6-439e-a728-b79d5181cbd9
Loki log encryption,02031d3f-7329-4a36-a0ea-f1320afa2bd8
PostgreSQL,"e88dd2d4-c36f-4889-bd06-d57e575f4fcd,0180bb76-9873-42ce-88d9-d6a24eea31cf,0501980b-3731-4e63-bd16-8e24046be92b"
from company.user.models import *,cd0f5af3-3709-4905-a97d-08b1220082fb
IAM service account,6a5fc976-8f27-414e-a50d-737c5d10e7bd
SSH agent,36b8afab-f3fd-4b28-a9c9-653601042b7e
js-bot directory to package artifact,c0e35d3d-a028-4447-b693-62aeda8d273b
during the meeting,02031d3f-7329-4a36-a0ea-f1320afa2bd8
eksctl utils associate-iam-oidc-provider,6a5fc976-8f27-414e-a50d-737c5d10e7bd
Irfan Ahmad,"193d6cfe-c999-81aa-91b8-e760f9d2abaf,193d6cfe-c999-8161-bec0-f6cfadd71679"
another person,02031d3f-7329-4a36-a0ea-f1320afa2bd8
5 years,196d6cfe-c999-808b-859c-da965365f5ae
docker compose,1e389635-ab16-4b5b-990d-4103553d4875
high memory usage in Redis,5a545d90-178b-4929-a547-490f5d53f309
AWS certificate payment,d01917e0-ff74-4c10-909f-7eb74dde0234
tim,0180bb76-9873-42ce-88d9-d6a24eea31cf
me for the 2nd time,197d6cfe-c999-80cd-86c8-ee881ec97394
lab,e502d27e-0998-4c6d-a9d8-534f0ed66330
MS Teams,864d73ef-62d6-439e-a728-b79d5181cbd9
deborah,6abb1da3-cf85-4c9a-aff9-ccbdbb785c6f
features of Ansible,20a2b8f8-f4b9-4c53-98f4-0066203fa141
CA,"612a4a74-92c2-4091-8ee4-a8470bba1a9a,10cd6cfe-c999-8017-b693-f30325c0e4f0"
TCP port number for OpenVPN Daemon,9063ea55-9dfb-476b-99b2-50c68c3f9371
issue,58cb0851-faa2-4bee-b677-62b702648fc4
limit_conn default 5;,0f25eca8-623b-422d-83e6-9f4412877c75
Liam would be a great fit,98777ab3-7d98-4109-924f-65fbb3b88ddf
/home/bucketlist/blcorp/configs/staging/,fc0697d8-bd21-418f-8cd6-0f034cbec789
user,"0aa18733-83d1-42a7-8dca-b78d1825e973,cd0f5af3-3709-4905-a97d-08b1220082fb,7a85f4f5-8dee-416b-820b-617be622c784,abf1d01d-1d94-4db5-9106-01ad549c169a,e88dd2d4-c36f-4889-bd06-d57e575f4fcd,fc0697d8-bd21-418f-8cd6-0f034cbec789,9063ea55-9dfb-476b-99b2-50c68c3f9371,56fc9399-a462-492c-8d7b-19453c95b7a5,150d6cfe-c999-80d4-ae1e-d1bf1248702c,0180bb76-9873-42ce-88d9-d6a24eea31cf,e6e84e83-1a23-445d-82c6-c4a173d27ba3,1e389635-ab16-4b5b-990d-4103553d4875,21d9edd4-dce0-4ff2-a54f-54e2792eae02,58cb0851-faa2-4bee-b677-62b702648fc4,afb03202-8372-4458-ae52-47eaa7b5ec09,66a411e7-cb1d-4096-b526-d57052682774,53fd4265-7fd4-4888-9070-4e29e2df6af4"
secrets,"e6e84e83-1a23-445d-82c6-c4a173d27ba3,6a5fc976-8f27-414e-a50d-737c5d10e7bd"
Tim Buchinger,"193d6cfe-c999-812e-8034-db12285f85ff,193d6cfe-c999-81aa-91b8-e760f9d2abaf,5a43af50-342e-42f5-981b-c9581733a874,14fd6cfe-c999-81cc-8e5a-e0bca32f7100"
Ptashi,02031d3f-7329-4a36-a0ea-f1320afa2bd8
Ansible,"02031d3f-7329-4a36-a0ea-f1320afa2bd8,6bb2e952-5dc1-4906-9d41-a6d824fa9117,c0e35d3d-a028-4447-b693-62aeda8d273b,20a2b8f8-f4b9-4c53-98f4-0066203fa141"
IP address in config file,21d9edd4-dce0-4ff2-a54f-54e2792eae02
blcorp-stg-aws-staticfiles,6abb1da3-cf85-4c9a-aff9-ccbdbb785c6f
DevOps roadmap,f621dc76-1550-4051-94e0-a1ab0714cb0d
doadmin,"53fd4265-7fd4-4888-9070-4e29e2df6af4,0180bb76-9873-42ce-88d9-d6a24eea31cf,192d6cfe-c999-8005-ae54-d4e0fa3caa8f"
July 12th,02031d3f-7329-4a36-a0ea-f1320afa2bd8
resources,9ed22669-60b9-4a99-acb0-0ce371c56d0f
Ingress-NGINX,e6e84e83-1a23-445d-82c6-c4a173d27ba3
Admin Web UI,9063ea55-9dfb-476b-99b2-50c68c3f9371
Company from company.models,"abf1d01d-1d94-4db5-9106-01ad549c169a,150d6cfe-c999-80d4-ae1e-d1bf1248702c"
the task,0f25eca8-623b-422d-83e6-9f4412877c75
bamba,6abb1da3-cf85-4c9a-aff9-ccbdbb785c6f
to EKS estates,18ad6cfe-c999-806f-b84e-e35a286a6408
database,53fd4265-7fd4-4888-9070-4e29e2df6af4
avg_over_time,b5f750a1-81b9-4d18-8f0d-1320435f1d22
sudo,"0aa18733-83d1-42a7-8dca-b78d1825e973,ceac9bd9-8b48-40ec-8aa2-a327f65264b0"
bucketlist_live,"e88dd2d4-c36f-4889-bd06-d57e575f4fcd,192d6cfe-c999-8005-ae54-d4e0fa3caa8f"
Celery Exporter,11dd6cfe-c999-8053-9157-f7015f9926ec
SSH key,"6a5fc976-8f27-414e-a50d-737c5d10e7bd,fcddc9d3-0021-4dca-9c76-cf7655e71834"
public/private type/algorithms for OpenVPN CA,9063ea55-9dfb-476b-99b2-50c68c3f9371
tasks from company.backends,abf1d01d-1d94-4db5-9106-01ad549c169a
eventSource,9ed22669-60b9-4a99-acb0-0ce371c56d0f
Redis,"b6b79846-174b-4841-a955-84d92bc8b394,d0574bd6-ff75-4c21-b952-1b43d36a55e0,135d6cfe-c999-809e-9cc4-f468e6fa6b99"
WorkloadsFooADev,5d5f519d-655a-4f17-a3b1-51c80e19bf0e
owner privileges,e88dd2d4-c36f-4889-bd06-d57e575f4fcd
/etc/nagios/nrpe.cfg,56fc9399-a462-492c-8d7b-19453c95b7a5
CrowdStrike,e502d27e-0998-4c6d-a9d8-534f0ed66330
Normal Deploy,10cd6cfe-c999-8017-b693-f30325c0e4f0
jammy-security mirror,7a85f4f5-8dee-416b-820b-617be622c784
CloudTrailInputFormat,9ed22669-60b9-4a99-acb0-0ce371c56d0f
redis-cli,"fc0697d8-bd21-418f-8cd6-0f034cbec789,53fd4265-7fd4-4888-9070-4e29e2df6af4"
bucketlist_dev,"53fd4265-7fd4-4888-9070-4e29e2df6af4,0180bb76-9873-42ce-88d9-d6a24eea31cf,192d6cfe-c999-8005-ae54-d4e0fa3caa8f"
status code 200,129d6cfe-c999-808f-919d-de6a8d8ab446
opentelemetry-api,afb03202-8372-4458-ae52-47eaa7b5ec09
August 10th,02031d3f-7329-4a36-a0ea-f1320afa2bd8
Paul Wierenga,"193d6cfe-c999-81aa-91b8-e760f9d2abaf,193d6cfe-c999-8161-bec0-f6cfadd71679,193d6cfe-c999-81c1-9227-d6711feab977"
dhcp-option DNS 169.254.169.253,0aa18733-83d1-42a7-8dca-b78d1825e973
postgis,"5a43af50-342e-42f5-981b-c9581733a874,53fd4265-7fd4-4888-9070-4e29e2df6af4,0180bb76-9873-42ce-88d9-d6a24eea31cf,192d6cfe-c999-8005-ae54-d4e0fa3caa8f"
create_users.yml,0180bb76-9873-42ce-88d9-d6a24eea31cf
3.5,a315c410-9fea-485f-a92c-0d3f88c7df9d
connection string from DO for that user,e88dd2d4-c36f-4889-bd06-d57e575f4fcd
you,"e88dd2d4-c36f-4889-bd06-d57e575f4fcd,d3e7ea06-8eb4-4c3e-ad7c-332ee4e57159"
rate limiting,5a545d90-178b-4929-a547-490f5d53f309
undefined,f621dc76-1550-4051-94e0-a1ab0714cb0d
3.1,a315c410-9fea-485f-a92c-0d3f88c7df9d
focal-updates mirror,7a85f4f5-8dee-416b-820b-617be622c784
linux,b29f4496-0ee9-4f73-8e5f-114e1b482355
pipelines,b29f4496-0ee9-4f73-8e5f-114e1b482355
user.set_password('abc'),cd0f5af3-3709-4905-a97d-08b1220082fb
john@bucketlistrewards.com,5d5f519d-655a-4f17-a3b1-51c80e19bf0e
nervous after being out of industry for so long,5ebf4601-76b1-4903-9c61-023e5bb85da1
Smoke test automation,02031d3f-7329-4a36-a0ea-f1320afa2bd8
great expectations for data validation,197d6cfe-c999-80cd-86c8-ee881ec97394
Deployment,"02031d3f-7329-4a36-a0ea-f1320afa2bd8,c0e35d3d-a028-4447-b693-62aeda8d273b,53fd4265-7fd4-4888-9070-4e29e2df6af4"
python3 to python3-test,56fc9399-a462-492c-8d7b-19453c95b7a5
CompanyUser.objects.get(email='admin@bucketlist.org'),cd0f5af3-3709-4905-a97d-08b1220082fb
psql,"53fd4265-7fd4-4888-9070-4e29e2df6af4,e88dd2d4-c36f-4889-bd06-d57e575f4fcd,192d6cfe-c999-8005-ae54-d4e0fa3caa8f"
email_address field,cd0f5af3-3709-4905-a97d-08b1220082fb
Software Development Engineer in Test (SDET),d3e7ea06-8eb4-4c3e-ad7c-332ee4e57159
Work on,c0e35d3d-a028-4447-b693-62aeda8d273b
jammy-main mirror,7a85f4f5-8dee-416b-820b-617be622c784
dhcp-option DNS 10.200.0.2,0aa18733-83d1-42a7-8dca-b78d1825e973
_netdev,ceac9bd9-8b48-40ec-8aa2-a327f65264b0
10.132.250.52,72cc671d-1a91-4d5d-a846-cfeb968e143e
Team,f621dc76-1550-4051-94e0-a1ab0714cb0d
2.0.3 release build,53fd4265-7fd4-4888-9070-4e29e2df6af4
all tables with its owner,e88dd2d4-c36f-4889-bd06-d57e575f4fcd
Duplicate Sync Emails in QA,d575805b-cfda-4a7a-a78d-4e67402c99d0
bucketlist user,b6b79846-174b-4841-a955-84d92bc8b394
training material,20a2b8f8-f4b9-4c53-98f4-0066203fa141
failure of nagios-nrpe-server.service,21d9edd4-dce0-4ff2-a54f-54e2792eae02
Alaadin,"02031d3f-7329-4a36-a0ea-f1320afa2bd8,f621dc76-1550-4051-94e0-a1ab0714cb0d"
remote dev environments,193d6cfe-c999-81aa-91b8-e760f9d2abaf
opentelemetry-exporter-otlp,afb03202-8372-4458-ae52-47eaa7b5ec09
NGINX,"d0574bd6-ff75-4c21-b952-1b43d36a55e0,e58487e1-03d2-4a05-b861-f901d7431405"
key,"abf1d01d-1d94-4db5-9106-01ad549c169a,7a85f4f5-8dee-416b-820b-617be622c784,0aa18733-83d1-42a7-8dca-b78d1825e973"
3.9,a315c410-9fea-485f-a92c-0d3f88c7df9d
special instructions,53fd4265-7fd4-4888-9070-4e29e2df6af4
JS Bot,e58487e1-03d2-4a05-b861-f901d7431405
postgis_topology,"0180bb76-9873-42ce-88d9-d6a24eea31cf,5a43af50-342e-42f5-981b-c9581733a874"
sudo tail -n 500 /var/log/auth.log | grep 'sshd',abf1d01d-1d94-4db5-9106-01ad549c169a
.*user-hub.*,751e2a3b-6028-4ea7-a9cf-12d94d587976
Amazon Linux 2023,18dd6cfe-c999-805c-8700-d5349f3f41b6
Docker compose plugin,1e389635-ab16-4b5b-990d-4103553d4875
US,"612a4a74-92c2-4091-8ee4-a8470bba1a9a,10cd6cfe-c999-8017-b693-f30325c0e4f0"
two weeks notice at any time,19ed6cfe-c999-8063-8ddc-ed38ef8160b0
Crowdstrike on dev,6bb2e952-5dc1-4906-9d41-a6d824fa9117
duration of meeting,193d6cfe-c999-812e-8034-db12285f85ff
Collaboration API,9dfd958b-634f-41a6-97c2-274e90f88163
/home/bucketlist/certs,"95e98a65-0074-4f97-8721-6849916e0fd8,63dbc43b-4a7c-4b64-a4bb-8d9561e18808"
virtual environment,"fc0697d8-bd21-418f-8cd6-0f034cbec789,afb03202-8372-4458-ae52-47eaa7b5ec09"
distribute_points_to_give from company.tasks,150d6cfe-c999-80d4-ae1e-d1bf1248702c
Reviewed,c0e35d3d-a028-4447-b693-62aeda8d273b
root,0180bb76-9873-42ce-88d9-d6a24eea31cf
types of bugs,d3e7ea06-8eb4-4c3e-ad7c-332ee4e57159
senior position,d01917e0-ff74-4c10-909f-7eb74dde0234
August 9th,02031d3f-7329-4a36-a0ea-f1320afa2bd8
#devops,f621dc76-1550-4051-94e0-a1ab0714cb0d
eksctl get iamserviceaccount,6a5fc976-8f27-414e-a50d-737c5d10e7bd
SFTP,02031d3f-7329-4a36-a0ea-f1320afa2bd8
HRIS,02031d3f-7329-4a36-a0ea-f1320afa2bd8
kubecolor,e6e84e83-1a23-445d-82c6-c4a173d27ba3
complex,20a2b8f8-f4b9-4c53-98f4-0066203fa141
flushall command,fc0697d8-bd21-418f-8cd6-0f034cbec789
greenfield deployments,439d2805-873d-4b4f-b6f7-8be1b5959157
blcorp-website/src,"abf1d01d-1d94-4db5-9106-01ad549c169a,150d6cfe-c999-80d4-ae1e-d1bf1248702c"
specific key,37bc11c4-d4c2-4de6-a73c-f9ac6174571d
limit_conn_zone $binary_remote_addr zone=default:10m;,0f25eca8-623b-422d-83e6-9f4412877c75
automated unit tests,c0e35d3d-a028-4447-b693-62aeda8d273b
Day Kirby,"193d6cfe-c999-8161-bec0-f6cfadd71679,193d6cfe-c999-81c1-9227-d6711feab977"
focal-security,7a85f4f5-8dee-416b-820b-617be622c784
SQL scripts for e-commerce monitoring,193d6cfe-c999-8161-bec0-f6cfadd71679
messages/questions,f621dc76-1550-4051-94e0-a1ab0714cb0d
focal-updates,7a85f4f5-8dee-416b-820b-617be622c784
changing nrpe config,56fc9399-a462-492c-8d7b-19453c95b7a5
/dev/null as config file,37bc11c4-d4c2-4de6-a73c-f9ac6174571d
ALTER TABLE public.account_emailaddress,e88dd2d4-c36f-4889-bd06-d57e575f4fcd
Sophos UTM9,0332166e-11fa-4677-8531-9dabee5d3495
kubectx,e6e84e83-1a23-445d-82c6-c4a173d27ba3
$0.462/hr for t3.medium,0332166e-11fa-4677-8531-9dabee5d3495
Monitoring,e58487e1-03d2-4a05-b861-f901d7431405
userIdentity,9ed22669-60b9-4a99-acb0-0ce371c56d0f
https://collector.bucketlist.org/v1/traces,afb03202-8372-4458-ae52-47eaa7b5ec09
sftp2.bucketlist.org,abf1d01d-1d94-4db5-9106-01ad549c169a
update on version info being under pure approval,193d6cfe-c999-8161-bec0-f6cfadd71679
kubeconfig file,e6e84e83-1a23-445d-82c6-c4a173d27ba3
S3,"d1cd13ce-b37a-40cf-99b8-86710e0c3db1,95e98a65-0074-4f97-8721-6849916e0fd8,53fd4265-7fd4-4888-9070-4e29e2df6af4"
unnecessary components from Python image,18ad6cfe-c999-806f-b84e-e35a286a6408
Liam,"98777ab3-7d98-4109-924f-65fbb3b88ddf,d01917e0-ff74-4c10-909f-7eb74dde0234,439d2805-873d-4b4f-b6f7-8be1b5959157"
service,"21d9edd4-dce0-4ff2-a54f-54e2792eae02,58cb0851-faa2-4bee-b677-62b702648fc4"
October 15 or 16,10cd6cfe-c999-8017-b693-f30325c0e4f0
aptly,7a85f4f5-8dee-416b-820b-617be622c784
delay tasks,5a545d90-178b-4929-a547-490f5d53f309
subsequent visits,177d6cfe-c999-8061-a0d5-cb7a4b21f4c7
arn:aws:ecs:us-east-1:140782355245:service/ms-teams-qa-cluster/ms-teams-qa-service,146d6cfe-c999-808e-9e3e-d39baf611e33
errorMessage,9ed22669-60b9-4a99-acb0-0ce371c56d0f
members,98777ab3-7d98-4109-924f-65fbb3b88ddf
projects,196d6cfe-c999-805b-9360-d32e4499c205
config,66a411e7-cb1d-4096-b526-d57052682774
SSH key configurations,36b8afab-f3fd-4b28-a9c9-653601042b7e
ssh-keygen,"6a5fc976-8f27-414e-a50d-737c5d10e7bd,fcddc9d3-0021-4dca-9c76-cf7655e71834"
new MFA,6abb1da3-cf85-4c9a-aff9-ccbdbb785c6f
EKS,18dd6cfe-c999-805c-8700-d5349f3f41b6
Ran,c0e35d3d-a028-4447-b693-62aeda8d273b
admin@bucketlist.org,5d5f519d-655a-4f17-a3b1-51c80e19bf0e
all processes,fc0697d8-bd21-418f-8cd6-0f034cbec789
hardened versions of containers,18ad6cfe-c999-806f-b84e-e35a286a6408
Authorization header,129d6cfe-c999-808f-919d-de6a8d8ab446
rebuilt environment,612a4a74-92c2-4091-8ee4-a8470bba1a9a
additional information,a42d8247-22ce-4574-a294-2975ebab4dc3
development side,439d2805-873d-4b4f-b6f7-8be1b5959157
process containing 'python3-test',56fc9399-a462-492c-8d7b-19453c95b7a5
Bitbucket Pipelines Runner,b29f4496-0ee9-4f73-8e5f-114e1b482355
ansible-playbook,0180bb76-9873-42ce-88d9-d6a24eea31cf
ssh to a celery server,56fc9399-a462-492c-8d7b-19453c95b7a5
additionalEventData,9ed22669-60b9-4a99-acb0-0ce371c56d0f
reverting changes after test,56fc9399-a462-492c-8d7b-19453c95b7a5
supervisor status,fc0697d8-bd21-418f-8cd6-0f034cbec789
CompanyUser,cd0f5af3-3709-4905-a97d-08b1220082fb
bucketlist_ci,"0180bb76-9873-42ce-88d9-d6a24eea31cf,53fd4265-7fd4-4888-9070-4e29e2df6af4"
blcorp_develop,0180bb76-9873-42ce-88d9-d6a24eea31cf
roles and responsibilities,d3e7ea06-8eb4-4c3e-ad7c-332ee4e57159
CREATE EXTENSION,"53fd4265-7fd4-4888-9070-4e29e2df6af4,192d6cfe-c999-8005-ae54-d4e0fa3caa8f"
Marc,"56fc9399-a462-492c-8d7b-19453c95b7a5,95e98a65-0074-4f97-8721-6849916e0fd8"
CA Django,02031d3f-7329-4a36-a0ea-f1320afa2bd8
redirect-gateway def1 bypass-dhcp,0aa18733-83d1-42a7-8dca-b78d1825e973
https://login.microsoftonline.com/botframework.com/oauth2/v2.0/token,129d6cfe-c999-808f-919d-de6a8d8ab446
SSH auth logs,abf1d01d-1d94-4db5-9106-01ad549c169a
paramiko connection to sftp2.bucketlist.org,abf1d01d-1d94-4db5-9106-01ad549c169a
other environments,0501980b-3731-4e63-bd16-8e24046be92b
openvpn,"0aa18733-83d1-42a7-8dca-b78d1825e973,9063ea55-9dfb-476b-99b2-50c68c3f9371"
devops-prod,"5d5f519d-655a-4f17-a3b1-51c80e19bf0e,6a5fc976-8f27-414e-a50d-737c5d10e7bd"
authorized_key of sftpmaster user,abf1d01d-1d94-4db5-9106-01ad549c169a
each user,5a545d90-178b-4929-a547-490f5d53f309
being tagged in alerts-log,56fc9399-a462-492c-8d7b-19453c95b7a5
October 9,10cd6cfe-c999-8017-b693-f30325c0e4f0
all environments,5a43af50-342e-42f5-981b-c9581733a874
September 6th,02031d3f-7329-4a36-a0ea-f1320afa2bd8
I,"0f25eca8-623b-422d-83e6-9f4412877c75,d01917e0-ff74-4c10-909f-7eb74dde0234"
nagios-nrpe-server service,21d9edd4-dce0-4ff2-a54f-54e2792eae02
policy review,02031d3f-7329-4a36-a0ea-f1320afa2bd8
bcrypt-cli,e6e84e83-1a23-445d-82c6-c4a173d27ba3
django admin,53fd4265-7fd4-4888-9070-4e29e2df6af4
eventVersion,9ed22669-60b9-4a99-acb0-0ce371c56d0f
increase in celery log size,5a545d90-178b-4929-a547-490f5d53f309
ALTER DATABASE,192d6cfe-c999-8005-ae54-d4e0fa3caa8f
HiveIgnoreKeyTextOutputFormat,9ed22669-60b9-4a99-acb0-0ce371c56d0f
OS updates,"c0e35d3d-a028-4447-b693-62aeda8d273b,193d6cfe-c999-81aa-91b8-e760f9d2abaf"
/home/bucketlist/blcorp/src/media/upload,95e98a65-0074-4f97-8721-6849916e0fd8
check_users,72cc671d-1a91-4d5d-a846-cfeb968e143e
.env,66a411e7-cb1d-4096-b526-d57052682774
blcorp-ca-media2,6abb1da3-cf85-4c9a-aff9-ccbdbb785c6f
"243,738 tasks to delete notifications",5a545d90-178b-4929-a547-490f5d53f309
Lauren Moncks,"193d6cfe-c999-8161-bec0-f6cfadd71679,193d6cfe-c999-81c1-9227-d6711feab977"
Authentication failed,abf1d01d-1d94-4db5-9106-01ad549c169a
DB migration,02031d3f-7329-4a36-a0ea-f1320afa2bd8
proto udp,0aa18733-83d1-42a7-8dca-b78d1825e973
for dev environment,53fd4265-7fd4-4888-9070-4e29e2df6af4
Promtail,d0574bd6-ff75-4c21-b952-1b43d36a55e0
nagios-nrpe-server,56fc9399-a462-492c-8d7b-19453c95b7a5
EC2 instance,fcddc9d3-0021-4dca-9c76-cf7655e71834
SFTP2 by the webserver for user sync,abf1d01d-1d94-4db5-9106-01ad549c169a
ubuntu@44.219.57.246,37bc11c4-d4c2-4de6-a73c-f9ac6174571d
sourceIpAddress,9ed22669-60b9-4a99-acb0-0ce371c56d0f
top-level pricing with weekday support,18ad6cfe-c999-806f-b84e-e35a286a6408
5840,0180bb76-9873-42ce-88d9-d6a24eea31cf
database upgrades require scheduling,c0e35d3d-a028-4447-b693-62aeda8d273b
multiple outstanding notifications,5a545d90-178b-4929-a547-490f5d53f309
secrets for SQL-Query-Exporter,e6e84e83-1a23-445d-82c6-c4a173d27ba3
cluster,"58cb0851-faa2-4bee-b677-62b702648fc4,6a5fc976-8f27-414e-a50d-737c5d10e7bd"
installation,7a85f4f5-8dee-416b-820b-617be622c784
logs,"701bc97a-96d6-471e-ac7d-222bddea71f3,b5f750a1-81b9-4d18-8f0d-1320435f1d22,66a411e7-cb1d-4096-b526-d57052682774"
managing people,196d6cfe-c999-805b-9360-d32e4499c205
configuration to /etc/openvpn/server.conf,0aa18733-83d1-42a7-8dca-b78d1825e973
certbot,1e389635-ab16-4b5b-990d-4103553d4875
"run_user_sync_task_on_company(company.pk, 'sftp_csv', 'pre_sync')",abf1d01d-1d94-4db5-9106-01ad549c169a
groups,6bb2e952-5dc1-4906-9d41-a6d824fa9117
individual deletion tasks,5a545d90-178b-4929-a547-490f5d53f309
system,abf1d01d-1d94-4db5-9106-01ad549c169a
bucketlist_sandbox,0180bb76-9873-42ce-88d9-d6a24eea31cf
managing virtual machines with Ansible,439d2805-873d-4b4f-b6f7-8be1b5959157
Supervisor,a42d8247-22ce-4574-a294-2975ebab4dc3
kubectl,"e6e84e83-1a23-445d-82c6-c4a173d27ba3,137d6cfe-c999-8063-b03c-ed5b3a396913"
two network interfaces,119d6aa2-edec-4e62-b0a3-3acb81b94860
port number for Admin Web UI,9063ea55-9dfb-476b-99b2-50c68c3f9371
seconds,b5f750a1-81b9-4d18-8f0d-1320435f1d22
100% memory usage threshold,5a545d90-178b-4929-a547-490f5d53f309
webserver1,abf1d01d-1d94-4db5-9106-01ad549c169a
staging,e502d27e-0998-4c6d-a9d8-534f0ed66330
deployment,612a4a74-92c2-4091-8ee4-a8470bba1a9a
kubeseal,"e6e84e83-1a23-445d-82c6-c4a173d27ba3,6a5fc976-8f27-414e-a50d-737c5d10e7bd"
IPS by the end of calendar year,e502d27e-0998-4c6d-a9d8-534f0ed66330
Jody Chambers,193d6cfe-c999-8161-bec0-f6cfadd71679
August 2nd,02031d3f-7329-4a36-a0ea-f1320afa2bd8
an example of how recognition in the workplace affected him personally,198d6cfe-c999-80f3-a31f-c9480663e8a7
with another system,02031d3f-7329-4a36-a0ea-f1320afa2bd8
3.1.1,a315c410-9fea-485f-a92c-0d3f88c7df9d
SIEM in the start of next year,e502d27e-0998-4c6d-a9d8-534f0ed66330
two Jira tickets,02031d3f-7329-4a36-a0ea-f1320afa2bd8
pro-exclusive patches,18ad6cfe-c999-806f-b84e-e35a286a6408
4.2,a315c410-9fea-485f-a92c-0d3f88c7df9d
white box testing,d3e7ea06-8eb4-4c3e-ad7c-332ee4e57159
Updated,c0e35d3d-a028-4447-b693-62aeda8d273b
NGINX config file,0180bb76-9873-42ce-88d9-d6a24eea31cf
this,0501980b-3731-4e63-bd16-8e24046be92b
brew,"d1cd13ce-b37a-40cf-99b8-86710e0c3db1,192d6cfe-c999-8005-ae54-d4e0fa3caa8f"
Terraform,"02031d3f-7329-4a36-a0ea-f1320afa2bd8,0180bb76-9873-42ce-88d9-d6a24eea31cf,5d5f519d-655a-4f17-a3b1-51c80e19bf0e,20a2b8f8-f4b9-4c53-98f4-0066203fa141,53fd4265-7fd4-4888-9070-4e29e2df6af4"
fileshare@10.108.0.26:/mnt/shared,ceac9bd9-8b48-40ec-8aa2-a327f65264b0
Traefik,e6e84e83-1a23-445d-82c6-c4a173d27ba3
~/.ssh/id_root,0180bb76-9873-42ce-88d9-d6a24eea31cf
2.pre-reqs.yml,0180bb76-9873-42ce-88d9-d6a24eea31cf
3.deployment.yml,0180bb76-9873-42ce-88d9-d6a24eea31cf
experience,196d6cfe-c999-808b-859c-da965365f5ae
topology is needed,5a43af50-342e-42f5-981b-c9581733a874
out of the industry for a while,5ebf4601-76b1-4903-9c61-023e5bb85da1
ansible.builtin.lineinfile,0f25eca8-623b-422d-83e6-9f4412877c75
Celery tasks,864d73ef-62d6-439e-a728-b79d5181cbd9
outstanding notifications,5a545d90-178b-4929-a547-490f5d53f309
bucketlist_staging,"0180bb76-9873-42ce-88d9-d6a24eea31cf,53fd4265-7fd4-4888-9070-4e29e2df6af4"
public schema,0180bb76-9873-42ce-88d9-d6a24eea31cf
pg_dump,0180bb76-9873-42ce-88d9-d6a24eea31cf
opnsense,119d6aa2-edec-4e62-b0a3-3acb81b94860
bucketlist_prod_us,192d6cfe-c999-8005-ae54-d4e0fa3caa8f
ecs:RegisterTaskDefinition,146d6cfe-c999-808e-9e3e-d39baf611e33
Django Upgrade deployment,10cd6cfe-c999-8017-b693-f30325c0e4f0
August 16th,02031d3f-7329-4a36-a0ea-f1320afa2bd8
blcorp-db-01-nyc3-do-user-1198627-0.db.ondigitalocean.com,0180bb76-9873-42ce-88d9-d6a24eea31cf
Certs in /home/bucketlist/certs,63dbc43b-4a7c-4b64-a4bb-8d9561e18808
journalctl,fcddc9d3-0021-4dca-9c76-cf7655e71834
blcorp_sandbox,0180bb76-9873-42ce-88d9-d6a24eea31cf
focal-main mirror,7a85f4f5-8dee-416b-820b-617be622c784
docker-compose up -d loki,66a411e7-cb1d-4096-b526-d57052682774
problems,c0e35d3d-a028-4447-b693-62aeda8d273b
bl-nyc3-sandbox-db-do-user-1198627-0.b.db.ondigitalocean.com,0180bb76-9873-42ce-88d9-d6a24eea31cf
idmap=user,ceac9bd9-8b48-40ec-8aa2-a327f65264b0
Version 11,5a43af50-342e-42f5-981b-c9581733a874
DO,"5a43af50-342e-42f5-981b-c9581733a874,0aa18733-83d1-42a7-8dca-b78d1825e973,53fd4265-7fd4-4888-9070-4e29e2df6af4"
vpcEndpointId,9ed22669-60b9-4a99-acb0-0ce371c56d0f
clear answers,f302ea9c-5774-4014-a682-be31f06c6f1f
Teams,177d6cfe-c999-8061-a0d5-cb7a4b21f4c7
XPath selectors,d3e7ea06-8eb4-4c3e-ad7c-332ee4e57159
opentelemetry-sdk,afb03202-8372-4458-ae52-47eaa7b5ec09
custom command,b29f4496-0ee9-4f73-8e5f-114e1b482355
discrepancies between extension versions,5a43af50-342e-42f5-981b-c9581733a874
background,66a411e7-cb1d-4096-b526-d57052682774
Vlad,f302ea9c-5774-4014-a682-be31f06c6f1f
some environments,5a43af50-342e-42f5-981b-c9581733a874
directory before running collectstatic,95e98a65-0074-4f97-8721-6849916e0fd8
Irfan,5a43af50-342e-42f5-981b-c9581733a874
nrpe config,56fc9399-a462-492c-8d7b-19453c95b7a5
postgis for one rarely used feature,5a43af50-342e-42f5-981b-c9581733a874
dev tun,0aa18733-83d1-42a7-8dca-b78d1825e973
Filter experiences by location,5a43af50-342e-42f5-981b-c9581733a874
12 and 13 are OK,5a43af50-342e-42f5-981b-c9581733a874
default VPC,5d5f519d-655a-4f17-a3b1-51c80e19bf0e
user nobody,0aa18733-83d1-42a7-8dca-b78d1825e973
14 and 15,5a43af50-342e-42f5-981b-c9581733a874
after reboot,a42d8247-22ce-4574-a294-2975ebab4dc3
certbot command,1e389635-ab16-4b5b-990d-4103553d4875
error message,a42d8247-22ce-4574-a294-2975ebab4dc3
termination of employees,5a545d90-178b-4929-a547-490f5d53f309
assignment fantastically,98777ab3-7d98-4109-924f-65fbb3b88ddf
"go through logs, etc",c0e35d3d-a028-4447-b693-62aeda8d273b
metric collection,d0574bd6-ff75-4c21-b952-1b43d36a55e0
unix:///tmp/supervisor.sock no such file,a42d8247-22ce-4574-a294-2975ebab4dc3
me for the 3rd time,197d6cfe-c999-80cd-86c8-ee881ec97394
source /home/bucketlist/blcorp/bin/activate,a42d8247-22ce-4574-a294-2975ebab4dc3
git repository,6a5fc976-8f27-414e-a50d-737c5d10e7bd
cd /home/bucketlist/blcorp/configs/staging/,a42d8247-22ce-4574-a294-2975ebab4dc3
/var/log/openvpn/status.log,0aa18733-83d1-42a7-8dca-b78d1825e973
supervisorctl status all,a42d8247-22ce-4574-a294-2975ebab4dc3
flux suspend hr,6a5fc976-8f27-414e-a50d-737c5d10e7bd
servers,701bc97a-96d6-471e-ac7d-222bddea71f3
onboarding plan,f621dc76-1550-4051-94e0-a1ab0714cb0d
tomorrow,c0e35d3d-a028-4447-b693-62aeda8d273b
Celery servers,701bc97a-96d6-471e-ac7d-222bddea71f3
very long-winded in answers,5ebf4601-76b1-4903-9c61-023e5bb85da1
Company.objects.get(sub_domain='nationalfootballleague'),abf1d01d-1d94-4db5-9106-01ad549c169a
jobs,701bc97a-96d6-471e-ac7d-222bddea71f3
Need,c0e35d3d-a028-4447-b693-62aeda8d273b
Celery beat,701bc97a-96d6-471e-ac7d-222bddea71f3
Canonical,18ad6cfe-c999-806f-b84e-e35a286a6408
kubectl create secret generic,6a5fc976-8f27-414e-a50d-737c5d10e7bd
re-creation,58cb0851-faa2-4bee-b677-62b702648fc4
Tony,439d2805-873d-4b4f-b6f7-8be1b5959157
renovate,d1cd13ce-b37a-40cf-99b8-86710e0c3db1
August 29th,02031d3f-7329-4a36-a0ea-f1320afa2bd8
25060,0180bb76-9873-42ce-88d9-d6a24eea31cf
stopping Celery,701bc97a-96d6-471e-ac7d-222bddea71f3
instance,119d6aa2-edec-4e62-b0a3-3acb81b94860
as intended,751e2a3b-6028-4ea7-a9cf-12d94d587976
jammy-security,7a85f4f5-8dee-416b-820b-617be622c784
Dev environment,864d73ef-62d6-439e-a728-b79d5181cbd9
Staging,11dd6cfe-c999-8053-9157-f7015f9926ec
signs of being out of the industry,5ebf4601-76b1-4903-9c61-023e5bb85da1
SSO,864d73ef-62d6-439e-a728-b79d5181cbd9
Completed,c0e35d3d-a028-4447-b693-62aeda8d273b
self.hosted,b29f4496-0ee9-4f73-8e5f-114e1b482355
command,e88dd2d4-c36f-4889-bd06-d57e575f4fcd
Outlook,864d73ef-62d6-439e-a728-b79d5181cbd9
Slack,864d73ef-62d6-439e-a728-b79d5181cbd9
Ruby package,864d73ef-62d6-439e-a728-b79d5181cbd9
technically,439d2805-873d-4b4f-b6f7-8be1b5959157
CSV script,193d6cfe-c999-8161-bec0-f6cfadd71679
Company with id 24,150d6cfe-c999-80d4-ae1e-d1bf1248702c
DB upgrade,c0e35d3d-a028-4447-b693-62aeda8d273b
defaultdb,0180bb76-9873-42ce-88d9-d6a24eea31cf
unit tests against the server,864d73ef-62d6-439e-a728-b79d5181cbd9
ansible-playbook ../playbooks/bl-app/helpers/monitoring.yml -i ../inventories/demo/remote.ini -e ansible_user=tim,e58487e1-03d2-4a05-b861-f901d7431405
Beekeeper,864d73ef-62d6-439e-a728-b79d5181cbd9
add EC2 backups to Terraform,c0e35d3d-a028-4447-b693-62aeda8d273b
Weave GitOps,e6e84e83-1a23-445d-82c6-c4a173d27ba3
Confluence page,864d73ef-62d6-439e-a728-b79d5181cbd9
proper on regex queries,751e2a3b-6028-4ea7-a9cf-12d94d587976
Ruby Sass 3.7.4,864d73ef-62d6-439e-a728-b79d5181cbd9
compiling scss files,864d73ef-62d6-439e-a728-b79d5181cbd9
Bianca,04b05a80-761a-42c4-8a48-008bac5f9dba
aptly packages,7a85f4f5-8dee-416b-820b-617be622c784
/home/opsgenie/oec/conf/opsgenie-integration.conf,72cc671d-1a91-4d5d-a846-cfeb968e143e
DEBUG=False on develop server,864d73ef-62d6-439e-a728-b79d5181cbd9
after a reboot,b6b79846-174b-4841-a955-84d92bc8b394
port 1194,0aa18733-83d1-42a7-8dca-b78d1825e973
basic auth for Traefik,e6e84e83-1a23-445d-82c6-c4a173d27ba3
inventory_sandbox.ini,0180bb76-9873-42ce-88d9-d6a24eea31cf
route-nopull,0aa18733-83d1-42a7-8dca-b78d1825e973
psql with the connection string for the user,e88dd2d4-c36f-4889-bd06-d57e575f4fcd
redis-server manually,b6b79846-174b-4841-a955-84d92bc8b394
tonight,c0e35d3d-a028-4447-b693-62aeda8d273b
focal-main,7a85f4f5-8dee-416b-820b-617be622c784
current log file,b6b79846-174b-4841-a955-84d92bc8b394
Sftp issue,193d6cfe-c999-81aa-91b8-e760f9d2abaf
redis user,b6b79846-174b-4841-a955-84d92bc8b394
nginx -T,66a411e7-cb1d-4096-b526-d57052682774
sudo chown redis:redis /var/log/redis/redis-server.log,b6b79846-174b-4841-a955-84d92bc8b394
/usr/bin/check_nrpe,72cc671d-1a91-4d5d-a846-cfeb968e143e
the creator,53fd4265-7fd4-4888-9070-4e29e2df6af4
the role,0f25eca8-623b-422d-83e6-9f4412877c75
Node.js,04b05a80-761a-42c4-8a48-008bac5f9dba
AES-128-GCM,0aa18733-83d1-42a7-8dca-b78d1825e973
AWS,c0e35d3d-a028-4447-b693-62aeda8d273b
Python,04b05a80-761a-42c4-8a48-008bac5f9dba
testing technique for deploying a crucial hotfix,d3e7ea06-8eb4-4c3e-ad7c-332ee4e57159
https://github.com/angristan/openvpn-install/,0aa18733-83d1-42a7-8dca-b78d1825e973
server_hxiiTfrY86WSpI27.crt,0aa18733-83d1-42a7-8dca-b78d1825e973
sleep,d3e7ea06-8eb4-4c3e-ad7c-332ee4e57159
alternative methods,d3e7ea06-8eb4-4c3e-ad7c-332ee4e57159
JavaScript,04b05a80-761a-42c4-8a48-008bac5f9dba
sensitive information into tests,d3e7ea06-8eb4-4c3e-ad7c-332ee4e57159
nrpe,21d9edd4-dce0-4ff2-a54f-54e2792eae02
POM,d3e7ea06-8eb4-4c3e-ad7c-332ee4e57159
sso login,d1cd13ce-b37a-40cf-99b8-86710e0c3db1
curl command,129d6cfe-c999-808f-919d-de6a8d8ab446
advantages,d3e7ea06-8eb4-4c3e-ad7c-332ee4e57159
test automation document,53fd4265-7fd4-4888-9070-4e29e2df6af4
IAM OIDC provider,6a5fc976-8f27-414e-a50d-737c5d10e7bd
black box testing,d3e7ea06-8eb4-4c3e-ad7c-332ee4e57159
beekeeper story,193d6cfe-c999-8161-bec0-f6cfadd71679
Automation framework for testing REST APIs,d3e7ea06-8eb4-4c3e-ad7c-332ee4e57159
more detailed answers,439d2805-873d-4b4f-b6f7-8be1b5959157
Amazon Linux 2,18dd6cfe-c999-805c-8700-d5349f3f41b6
aws_eks_access_policy_association.cluster_admin,6a5fc976-8f27-414e-a50d-737c5d10e7bd
Day,6abb1da3-cf85-4c9a-aff9-ccbdbb785c6f
dry-run,"1e389635-ab16-4b5b-990d-4103553d4875,d1cd13ce-b37a-40cf-99b8-86710e0c3db1"
some questions,f302ea9c-5774-4014-a682-be31f06c6f1f
a good cultural fit,f302ea9c-5774-4014-a682-be31f06c6f1f
aws,"0aa18733-83d1-42a7-8dca-b78d1825e973,d1cd13ce-b37a-40cf-99b8-86710e0c3db1"
nginx,"b5f750a1-81b9-4d18-8f0d-1320435f1d22,d1cd13ce-b37a-40cf-99b8-86710e0c3db1"
OpenVPN Access Server,9063ea55-9dfb-476b-99b2-50c68c3f9371
inventory_sandbox2.ini,0180bb76-9873-42ce-88d9-d6a24eea31cf
instructions,7a85f4f5-8dee-416b-820b-617be622c784
Docker,"b29f4496-0ee9-4f73-8e5f-114e1b482355,f621dc76-1550-4051-94e0-a1ab0714cb0d"
fuzz testing,d3e7ea06-8eb4-4c3e-ad7c-332ee4e57159
https://www.aptly.info/download/,7a85f4f5-8dee-416b-820b-617be622c784
trustedkeys.gpg,7a85f4f5-8dee-416b-820b-617be622c784
jammy-updates,7a85f4f5-8dee-416b-820b-617be622c784
example.org,1e389635-ab16-4b5b-990d-4103553d4875
creating snapshot,7a85f4f5-8dee-416b-820b-617be622c784
ca.crt,0aa18733-83d1-42a7-8dca-b78d1825e973
GRANT,192d6cfe-c999-8005-ae54-d4e0fa3caa8f
requestParameters,9ed22669-60b9-4a99-acb0-0ce371c56d0f
focal-security mirror,7a85f4f5-8dee-416b-820b-617be622c784
Oscar,5ebf4601-76b1-4903-9c61-023e5bb85da1
DevSec hardening role,0f25eca8-623b-422d-83e6-9f4412877c75
a task,0f25eca8-623b-422d-83e6-9f4412877c75
meeting,"193d6cfe-c999-812e-8034-db12285f85ff,193d6cfe-c999-81aa-91b8-e760f9d2abaf"
vault settings,36b8afab-f3fd-4b28-a9c9-653601042b7e
Liam's experience,98777ab3-7d98-4109-924f-65fbb3b88ddf
awsRegion,9ed22669-60b9-4a99-acb0-0ce371c56d0f
starting Celery,701bc97a-96d6-471e-ac7d-222bddea71f3
default routing of client traffic through the VPN,9063ea55-9dfb-476b-99b2-50c68c3f9371
with the job requirements,98777ab3-7d98-4109-924f-65fbb3b88ddf
Duplicate Sync Emails,d575805b-cfda-4a7a-a78d-4e67402c99d0
eventType,9ed22669-60b9-4a99-acb0-0ce371c56d0f
Mark,"193d6cfe-c999-81aa-91b8-e760f9d2abaf,193d6cfe-c999-81c1-9227-d6711feab977"
company,98777ab3-7d98-4109-924f-65fbb3b88ddf
mutual fit,98777ab3-7d98-4109-924f-65fbb3b88ddf
.env file in 1Password for develop,c0e35d3d-a028-4447-b693-62aeda8d273b
endpoint,129d6cfe-c999-808f-919d-de6a8d8ab446
web UI,119d6aa2-edec-4e62-b0a3-3acb81b94860
network changes,0501980b-3731-4e63-bd16-8e24046be92b
temp upload policy,d1cd13ce-b37a-40cf-99b8-86710e0c3db1
separate AWS account,0501980b-3731-4e63-bd16-8e24046be92b
DevOps Engineer role,04b05a80-761a-42c4-8a48-008bac5f9dba
$0.383/hr for t2.small,0332166e-11fa-4677-8531-9dabee5d3495
US Django,02031d3f-7329-4a36-a0ea-f1320afa2bd8
Sophos Cloud Firewall,0332166e-11fa-4677-8531-9dabee5d3495
OPNsense,0332166e-11fa-4677-8531-9dabee5d3495
errors,701bc97a-96d6-471e-ac7d-222bddea71f3
$0.063/hr for t2.small,0332166e-11fa-4677-8531-9dabee5d3495
authentication token,129d6cfe-c999-808f-919d-de6a8d8ab446
without two network interfaces,119d6aa2-edec-4e62-b0a3-3acb81b94860
September 25,10cd6cfe-c999-8017-b693-f30325c0e4f0
push,0aa18733-83d1-42a7-8dca-b78d1825e973
installing the pod identity add-on,18dd6cfe-c999-805c-8700-d5349f3f41b6
TOKEN,129d6cfe-c999-808f-919d-de6a8d8ab446
redirect-gateway def1,0aa18733-83d1-42a7-8dca-b78d1825e973
source control,53fd4265-7fd4-4888-9070-4e29e2df6af4
openvpn service,0aa18733-83d1-42a7-8dca-b78d1825e973
server configuration file,0aa18733-83d1-42a7-8dca-b78d1825e973
server,0aa18733-83d1-42a7-8dca-b78d1825e973
casing,751e2a3b-6028-4ea7-a9cf-12d94d587976
tun,0aa18733-83d1-42a7-8dca-b78d1825e973
Irfans Terraform,f621dc76-1550-4051-94e0-a1ab0714cb0d
Terraform and Ansible feelings,d01917e0-ff74-4c10-909f-7eb74dde0234
Upgrade dialog,5a43af50-342e-42f5-981b-c9581733a874
connection with keepalive 10 120,0aa18733-83d1-42a7-8dca-b78d1825e973
DevOps work,f621dc76-1550-4051-94e0-a1ab0714cb0d
topology subnet,0aa18733-83d1-42a7-8dca-b78d1825e973
10.8.0.0 255.255.255.0,0aa18733-83d1-42a7-8dca-b78d1825e973
certonly operation,1e389635-ab16-4b5b-990d-4103553d4875
route 10.0.0.0 255.0.0.0,0aa18733-83d1-42a7-8dca-b78d1825e973
multiple stories to Monique Richard,193d6cfe-c999-8161-bec0-f6cfadd71679
cloudtrail_logs_blcorp_management,9ed22669-60b9-4a99-acb0-0ce371c56d0f
sshfs,ceac9bd9-8b48-40ec-8aa2-a327f65264b0
identityfile=/home/tim/id_fs,ceac9bd9-8b48-40ec-8aa2-a327f65264b0
MS Teams key,177d6cfe-c999-8061-a0d5-cb7a4b21f4c7
tls-crypt key,0aa18733-83d1-42a7-8dca-b78d1825e973
server_hxiiTfrY86WSpI27.key,0aa18733-83d1-42a7-8dca-b78d1825e973
opentelemetry-instrumentation-celery,afb03202-8372-4458-ae52-47eaa7b5ec09
aws eks describe-cluster,6a5fc976-8f27-414e-a50d-737c5d10e7bd
crl.pem,0aa18733-83d1-42a7-8dca-b78d1825e973
window between September 26 and October 17,10cd6cfe-c999-8017-b693-f30325c0e4f0
Enable js_bot service runs,e58487e1-03d2-4a05-b861-f901d7431405
SHA256,0aa18733-83d1-42a7-8dca-b78d1825e973
TLS-ECDHE-ECDSA-WITH-AES-128-GCM-SHA256,0aa18733-83d1-42a7-8dca-b78d1825e973
client configurations in /etc/openvpn/ccd,0aa18733-83d1-42a7-8dca-b78d1825e973
docker-compose up,66a411e7-cb1d-4096-b526-d57052682774
October 12,10cd6cfe-c999-8017-b693-f30325c0e4f0
/etc/openvpn/server.conf,0aa18733-83d1-42a7-8dca-b78d1825e973
IP forwarding,0aa18733-83d1-42a7-8dca-b78d1825e973
AWS Marketplace,0332166e-11fa-4677-8531-9dabee5d3495
Web browser,9063ea55-9dfb-476b-99b2-50c68c3f9371
MicrosoftAppPassword,129d6cfe-c999-808f-919d-de6a8d8ab446
Redis service,b6b79846-174b-4841-a955-84d92bc8b394
.*User-Hub.*,751e2a3b-6028-4ea7-a9cf-12d94d587976
primary Access Server node,9063ea55-9dfb-476b-99b2-50c68c3f9371
but not accessible in DO,53fd4265-7fd4-4888-9070-4e29e2df6af4
network interface and IP address,9063ea55-9dfb-476b-99b2-50c68c3f9371
DevOps grooming,53fd4265-7fd4-4888-9070-4e29e2df6af4
different user account for login,9063ea55-9dfb-476b-99b2-50c68c3f9371
1Password,36b8afab-f3fd-4b28-a9c9-653601042b7e
Monique Richard,193d6cfe-c999-8161-bec0-f6cfadd71679
public/private type/algorithms for self-signed web certificate,9063ea55-9dfb-476b-99b2-50c68c3f9371
default routing of client DNS traffic through the VPN,9063ea55-9dfb-476b-99b2-50c68c3f9371
accessibility of private subnets to clients,9063ea55-9dfb-476b-99b2-50c68c3f9371
ssh,37bc11c4-d4c2-4de6-a73c-f9ac6174571d
host UNIX system,9063ea55-9dfb-476b-99b2-50c68c3f9371
specific-endpoint status,d1cd13ce-b37a-40cf-99b8-86710e0c3db1
Business Continuity,a315c410-9fea-485f-a92c-0d3f88c7df9d
group nogroup,0aa18733-83d1-42a7-8dca-b78d1825e973
queries,751e2a3b-6028-4ea7-a9cf-12d94d587976
home,193d6cfe-c999-81c1-9227-d6711feab977
solution,"701bc97a-96d6-471e-ac7d-222bddea71f3,a42d8247-22ce-4574-a294-2975ebab4dc3"
separate state file,0501980b-3731-4e63-bd16-8e24046be92b
correctly,751e2a3b-6028-4ea7-a9cf-12d94d587976
dev-us-2025-02-06-18-13.dump,192d6cfe-c999-8005-ae54-d4e0fa3caa8f
Nordlayer,03bf3dc0-9d61-4b2d-a343-59a8bea10f69
594.00/month for 54 users,03bf3dc0-9d61-4b2d-a343-59a8bea10f69
3.0,a315c410-9fea-485f-a92c-0d3f88c7df9d
11/user/month,03bf3dc0-9d61-4b2d-a343-59a8bea10f69
JsonSerDe,9ed22669-60b9-4a99-acb0-0ce371c56d0f
Grafana admin password,e6e84e83-1a23-445d-82c6-c4a173d27ba3
blcorp,abf1d01d-1d94-4db5-9106-01ad549c169a
aptly user,7a85f4f5-8dee-416b-820b-617be622c784
100/month for 2 servers,03bf3dc0-9d61-4b2d-a343-59a8bea10f69
post mortem for NordLayer,f621dc76-1550-4051-94e0-a1ab0714cb0d
$0.123/hr for t2.small,0332166e-11fa-4677-8531-9dabee5d3495
fileshare@10.132.250.58:/mnt/shared,ceac9bd9-8b48-40ec-8aa2-a327f65264b0
Encrypted key,177d6cfe-c999-8061-a0d5-cb7a4b21f4c7
allow_other,ceac9bd9-8b48-40ec-8aa2-a327f65264b0
user ID,177d6cfe-c999-8061-a0d5-cb7a4b21f4c7
identityfile=/home/bucketlist/.ssh/id_fileshare,ceac9bd9-8b48-40ec-8aa2-a327f65264b0
running,"a42d8247-22ce-4574-a294-2975ebab4dc3,b6b79846-174b-4841-a955-84d92bc8b394"
reconnect,ceac9bd9-8b48-40ec-8aa2-a327f65264b0
Crowdstrike,f621dc76-1550-4051-94e0-a1ab0714cb0d
BatchMode=yes,ceac9bd9-8b48-40ec-8aa2-a327f65264b0
task definition,58cb0851-faa2-4bee-b677-62b702648fc4
Joseph Haddad,193d6cfe-c999-81c1-9227-d6711feab977
digitalocean,b29f4496-0ee9-4f73-8e5f-114e1b482355
SSH_AUTH_SOCK,36b8afab-f3fd-4b28-a9c9-653601042b7e
database copy,193d6cfe-c999-81aa-91b8-e760f9d2abaf
path,b5f750a1-81b9-4d18-8f0d-1320435f1d22
path to 1Password agent socket,36b8afab-f3fd-4b28-a9c9-653601042b7e
user password,cd0f5af3-3709-4905-a97d-08b1220082fb
agent.toml,36b8afab-f3fd-4b28-a9c9-653601042b7e
Workloads+fooA+dev@domain.com,5d5f519d-655a-4f17-a3b1-51c80e19bf0e
configuration settings,9063ea55-9dfb-476b-99b2-50c68c3f9371
access levels,36b8afab-f3fd-4b28-a9c9-653601042b7e
Private,36b8afab-f3fd-4b28-a9c9-653601042b7e
System Admin / Devops,36b8afab-f3fd-4b28-a9c9-653601042b7e
opentelemetry-instrumentation-django,afb03202-8372-4458-ae52-47eaa7b5ec09
database scrubbing process,193d6cfe-c999-81aa-91b8-e760f9d2abaf
Issue,18dd6cfe-c999-805c-8700-d5349f3f41b6
log configuration,d01917e0-ff74-4c10-909f-7eb74dde0234
http://tempo-query-frontend.tempo.svc.cluster.local:3100,afb03202-8372-4458-ae52-47eaa7b5ec09
arn:aws:ecs:us-east-1:339713030677:service/user-hub-qa-api-cluster/user-hub-qa-api-service,146d6cfe-c999-808e-9e3e-d39baf611e33
Check remote agent,72cc671d-1a91-4d5d-a846-cfeb968e143e
check_celery,72cc671d-1a91-4d5d-a846-cfeb968e143e
Gmail,864d73ef-62d6-439e-a728-b79d5181cbd9
API key,72cc671d-1a91-4d5d-a846-cfeb968e143e
eksctl create iamserviceaccount,6a5fc976-8f27-414e-a50d-737c5d10e7bd
/home/bucketlist/blcorp-js-bot/.env,129d6cfe-c999-808f-919d-de6a8d8ab446
last night,c0e35d3d-a028-4447-b693-62aeda8d273b
/home/bucketlist/blcorp-virtual-env-38,afb03202-8372-4458-ae52-47eaa7b5ec09
smoke tests,c0e35d3d-a028-4447-b693-62aeda8d273b
Install,c0e35d3d-a028-4447-b693-62aeda8d273b
Falcon,c0e35d3d-a028-4447-b693-62aeda8d273b
